method,learning_type,autonomy_days,energy_per_day_J,energy_J,transmissions,tx_per_mJ,dropped_packets,useful_packets,failures,decision_us_avg,memory_B,train_s
FSM Baseline,rule-based,60.0,24.39121096800385,1463.472658080231,6469.666666666667,4.420763983158346,58548.666666666664,25878.666666666668,0.0,0.09113454458576631,6,9.57999873207882e-07
FSM Optimized (GA),optimization,60.0,30.088395805463822,1805.3037483278295,8140.333333333333,4.509121288107476,51312.666666666664,32561.333333333332,0.0,0.07317473341291915,6,14.528171833000215
Fuzzy Logic,rule-based (hand-crafted),60.0,24.6668108507055,1480.0086510423298,6004.666666666667,4.057192581397749,59880.666666666664,24018.666666666668,0.0,1.6902779748166428,48,7.08000243321294e-07
Q-learning tabulaire,reinforcement,60.0,7.710823835239091,462.6494301143454,1653.6666666666667,3.57434387516358,58271.666666666664,6614.666666666667,0.0,0.707938788771313,108,3.846155708000424
Decision Tree,supervised (from RL oracle),60.0,7.572329948123774,454.3397968874265,1585.3333333333333,3.489307271521721,59433.333333333336,6341.333333333333,0.0,1.6463512496571824,378,3.9810478750000584
MLP par distillation,hybrid (RL->supervised),60.0,8.393389757280808,503.60338543684844,1928.0,3.8284012185514835,53798.666666666664,7712.0,0.0,2.644010077231957,59,4.2882110419996025
Random Policy,none,21.112037037037037,88.33890475456093,1864.9816809574604,5062.333333333333,2.71441458967857,61.0,20249.333333333332,1.0,0.9413318764218236,4,3.7500012695090845e-07
